Sample,Reads,Prop_of_assigned_reads,Vol_needed,Vol_to_pool,id
001_e001_10476666_DPDD9,2299,0.31,6.5,6.5,e0001
002_e002_10476666_DPDD9,2525,0.34,6,6,e0002
003_e003_10476666_DPDD9,2218,0.29,6.8,6.8,e0003
004_e004_10476666_DPDD9,767,0.1,19.6,15,e0004
005_e005_10476666_DPDD9,1069,0.14,14.1,14.1,e0005
006_e006_10476666_DPDD9,386,0.05,39,15,e0006
007_e007_10476666_DPDD9,428,0.06,35.2,15,e0007
008_e008_10476666_DPDD9,661,0.09,22.8,15,e0008
009_e051_10476666_DPDD9,2481,0.33,6.1,6.1,e0051
010_e052_10476666_DPDD9,1092,0.15,13.8,13.8,e0052
011_e053_10476666_DPDD9,1581,0.21,9.5,9.5,e0053
012_e054_10476666_DPDD9,2584,0.34,5.8,5.8,e0054
013_e055_10476666_DPDD9,371,0.05,40.6,15,e0055
014_e056_10476666_DPDD9,2124,0.28,7.1,7.1,e0056
015_e057_10476666_DPDD9,1614,0.21,9.3,9.3,e0057
016_e058_10476666_DPDD9,1567,0.21,9.6,9.6,e0058
017_e101_10476666_DPDD9,3094,0.41,4.9,4.9,e0101
018_e102_10476666_DPDD9,963,0.13,15.6,15,e0102
019_e103_10476666_DPDD9,2328,0.31,6.5,6.5,e0103
020_e104_10476666_DPDD9,2463,0.33,6.1,6.1,e0104
021_e105_10476666_DPDD9,2551,0.34,5.9,5.9,e0105
022_e106_10476666_DPDD9,2097,0.28,7.2,7.2,e0106
023_e107_10476666_DPDD9,3037,0.4,5,5,e0107
024_e108_10476666_DPDD9,2537,0.34,5.9,5.9,e0108
025_e151_10476666_DPDD9,1168,0.16,12.9,12.9,e0151
026_e152_10476666_DPDD9,2435,0.32,6.2,6.2,e0152
027_e153_10476666_DPDD9,1432,0.19,10.5,10.5,e0153
028_e154_10476666_DPDD9,2179,0.29,6.9,6.9,e0154
029_e155_10476666_DPDD9,2179,0.29,6.9,6.9,e0155
030_e156_10476666_DPDD9,2998,0.4,5,5,e0156
031_e157_10476666_DPDD9,2281,0.3,6.6,6.6,e0157
032_e158_10476666_DPDD9,3986,0.53,3.8,3.8,e0158
033_e201_10476666_DPDD9,2109,0.28,7.1,7.1,e0201
034_e202_10476666_DPDD9,1600,0.21,9.4,9.4,e0202
035_e203_10476666_DPDD9,2216,0.29,6.8,6.8,e0203
036_e204_10476666_DPDD9,2327,0.31,6.5,6.5,e0204
037_e205_10476666_DPDD9,2624,0.35,5.7,5.7,e0205
038_e206_10476666_DPDD9,2093,0.28,7.2,7.2,e0206
039_e207_10476666_DPDD9,570,0.08,26.4,15,e0207
040_e208_10476666_DPDD9,3547,0.47,4.2,4.2,e0208
041_e251_10476666_DPDD9,1824,0.24,8.3,8.3,e0251
042_e252_10476666_DPDD9,2674,0.36,5.6,5.6,e0252
043_e253_10476666_DPDD9,1802,0.24,8.4,8.4,e0253
044_e254_10476666_DPDD9,2320,0.31,6.5,6.5,e0254
045_e255_10476666_DPDD9,1888,0.25,8,8,e0255
046_e256_10476666_DPDD9,1308,0.17,11.5,11.5,e0256
047_e257_10476666_DPDD9,2133,0.28,7.1,7.1,e0257
048_e258_10476666_DPDD9,2580,0.34,5.8,5.8,e0258
049_e301_10476666_DPDD9,2045,0.27,7.4,7.4,e0301
050_e302_10476666_DPDD9,2203,0.29,6.8,6.8,e0302
051_e303_10476666_DPDD9,2131,0.28,7.1,7.1,e0303
052_e304_10476666_DPDD9,1916,0.25,7.9,7.9,e0304
053_e305_10476666_DPDD9,2629,0.35,5.7,5.7,e0305
054_e306_10476666_DPDD9,2025,0.27,7.4,7.4,e0306
055_e307_10476666_DPDD9,1753,0.23,8.6,8.6,e0307
056_e308_10476666_DPDD9,2394,0.32,6.3,6.3,e0308
057_e351_10476666_DPDD9,2145,0.28,7,7,e0351
058_e352_10476666_DPDD9,1890,0.25,8,8,e0352
059_e353_10476666_DPDD9,1900,0.25,7.9,7.9,e0353
060_e354_10476666_DPDD9,1784,0.24,8.4,8.4,e0354
061_e355_10476666_DPDD9,2044,0.27,7.4,7.4,e0355
062_e356_10476666_DPDD9,994,0.13,15.1,15,e0356
063_e357_10476666_DPDD9,1984,0.26,7.6,7.6,e0357
064_e358_10476666_DPDD9,3420,0.45,4.4,4.4,e0358
065_e401_10476666_DPDD9,1417,0.19,10.6,10.6,e0401
066_e402_10476666_DPDD9,698,0.09,21.6,15,e0402
067_e403_10476666_DPDD9,787,0.1,19.1,15,e0403
068_e404_10476666_DPDD9,1618,0.21,9.3,9.3,e0404
069_e405_10476666_DPDD9,1316,0.17,11.4,11.4,e0405
070_e406_10476666_DPDD9,2367,0.31,6.4,6.4,e0406
071_e407_10476666_DPDD9,648,0.09,23.2,15,e0407
072_e408_10476666_DPDD9,2666,0.35,5.6,5.6,e0408
073_e451_10476666_DPDD9,1759,0.23,8.6,8.6,e0451
074_e452_10476666_DPDD9,1801,0.24,8.4,8.4,e0452
075_e453_10476666_DPDD9,1007,0.13,14.9,14.9,e0453
076_e454_10476666_DPDD9,1071,0.14,14.1,14.1,e0454
077_e455_10476666_DPDD9,1438,0.19,10.5,10.5,e0455
078_e456_10476666_DPDD9,1297,0.17,11.6,11.6,e0456
079_e457_10476666_DPDD9,369,0.05,40.8,15,e0457
080_e458_10476666_DPDD9,716,0.1,21,15,e0458
081_e501_10476666_DPDD9,2227,0.3,6.8,6.8,e0501
082_e502_10476666_DPDD9,434,0.06,34.7,15,e0502
083_e503_10476666_DPDD9,1019,0.14,14.8,14.8,e0503
084_e504_10476666_DPDD9,719,0.1,20.9,15,e0504
085_e505_10476666_DPDD9,2184,0.29,6.9,6.9,e0505
086_e506_10476666_DPDD9,975,0.13,15.4,15,e0506
087_e507_10476666_DPDD9,1593,0.21,9.4,9.4,e0507
088_e508_10476666_DPDD9,3828,0.51,3.9,3.9,e0508
089_e551_10476666_DPDD9,16311,2.17,0.9,0.9,e0551
090_e552_10476666_DPDD9,1340,0.18,11.2,11.2,e0552
091_e553_10476666_DPDD9,1222,0.16,12.3,12.3,e0553
092_e554_10476666_DPDD9,946,0.13,15.9,15,e0554
093_e555_10476666_DPDD9,2717,0.36,5.5,5.5,e0555
094_e556_10476666_DPDD9,1624,0.22,9.3,9.3,e0556
095_e557_10476666_DPDD9,1636,0.22,9.2,9.2,e0557
096_neg1_10476666_DPDD9,0,0,0,0,ne0g1
097_e601_10476666_DPDD9,1095,0.15,13.7,13.7,e0601
098_e602_10476666_DPDD9,1193,0.16,12.6,12.6,e0602
099_e603_10476666_DPDD9,1781,0.24,8.5,8.5,e0603
100_e604_10476666_DPDD9,1461,0.19,10.3,10.3,e0604
101_e605_10476666_DPDD9,933,0.12,16.1,15,e0605
102_e606_10476666_DPDD9,1910,0.25,7.9,7.9,e0606
103_e607_10476666_DPDD9,56,0.01,268.8,15,e0607
104_e608_10476666_DPDD9,2768,0.37,5.4,5.4,e0608
105_e651_10476666_DPDD9,893,0.12,16.9,15,e0651
106_e652_10476666_DPDD9,231,0.03,65.2,15,e0652
107_e653_10476666_DPDD9,557,0.07,27,15,e0653
108_e654_10476666_DPDD9,1199,0.16,12.6,12.6,e0654
109_e655_10476666_DPDD9,1427,0.19,10.5,10.5,e0655
110_e656_10476666_DPDD9,1244,0.17,12.1,12.1,e0656
111_e657_10476666_DPDD9,1598,0.21,9.4,9.4,e0657
112_e658_10476666_DPDD9,2174,0.29,6.9,6.9,e0658
113_e701_10476666_DPDD9,2487,0.33,6.1,6.1,e0701
114_e702_10476666_DPDD9,748,0.1,20.1,15,e0702
115_e703_10476666_DPDD9,1602,0.21,9.4,9.4,e0703
116_e704_10476666_DPDD9,1938,0.26,7.8,7.8,e0704
117_e705_10476666_DPDD9,2243,0.3,6.7,6.7,e0705
118_e706_10476666_DPDD9,2335,0.31,6.4,6.4,e0706
119_e707_10476666_DPDD9,2019,0.27,7.5,7.5,e0707
120_e708_10476666_DPDD9,2228,0.3,6.8,6.8,e0708
121_e751_10476666_DPDD9,1798,0.24,8.4,8.4,e0751
122_e752_10476666_DPDD9,327,0.04,46,15,e0752
123_e753_10476666_DPDD9,1392,0.18,10.8,10.8,e0753
124_e754_10476666_DPDD9,1415,0.19,10.6,10.6,e0754
125_e755_10476666_DPDD9,1383,0.18,10.9,10.9,e0755
126_e756_10476666_DPDD9,1484,0.2,10.1,10.1,e0756
127_e757_10476666_DPDD9,2990,0.4,5,5,e0757
128_e758_10476666_DPDD9,2211,0.29,6.8,6.8,e0758
129_e801_10476666_DPDD9,2593,0.34,5.8,5.8,e0801
130_e802_10476666_DPDD9,779,0.1,19.3,15,e0802
131_e803_10476666_DPDD9,290,0.04,51.9,15,e0803
132_e804_10476666_DPDD9,569,0.08,26.5,15,e0804
133_e805_10476666_DPDD9,1681,0.22,9,9,e0805
134_e806_10476666_DPDD9,1104,0.15,13.6,13.6,e0806
135_e807_10476666_DPDD9,2757,0.37,5.5,5.5,e0807
136_e808_10476666_DPDD9,1482,0.2,10.2,10.2,e0808
137_e851_10476666_DPDD9,2038,0.27,7.4,7.4,e0851
138_e852_10476666_DPDD9,1588,0.21,9.5,9.5,e0852
139_e853_10476666_DPDD9,631,0.08,23.9,15,e0853
140_e854_10476666_DPDD9,1405,0.19,10.7,10.7,e0854
141_e855_10476666_DPDD9,1602,0.21,9.4,9.4,e0855
142_e856_10476666_DPDD9,1326,0.18,11.4,11.4,e0856
143_e857_10476666_DPDD9,2904,0.39,5.2,5.2,e0857
144_e858_10476666_DPDD9,3459,0.46,4.4,4.4,e0858
145_e901_10476666_DPDD9,2676,0.36,5.6,5.6,e0901
146_e902_10476666_DPDD9,2560,0.34,5.9,5.9,e0902
147_e903_10476666_DPDD9,1956,0.26,7.7,7.7,e0903
148_e904_10476666_DPDD9,1403,0.19,10.7,10.7,e0904
149_e905_10476666_DPDD9,1713,0.23,8.8,8.8,e0905
150_e906_10476666_DPDD9,2665,0.35,5.6,5.6,e0906
151_e907_10476666_DPDD9,707,0.09,21.3,15,e0907
152_e908_10476666_DPDD9,2616,0.35,5.8,5.8,e0908
153_e951_10476666_DPDD9,2814,0.37,5.3,5.3,e0951
154_e952_10476666_DPDD9,1128,0.15,13.3,13.3,e0952
155_e953_10476666_DPDD9,1210,0.16,12.4,12.4,e0953
156_e954_10476666_DPDD9,1934,0.26,7.8,7.8,e0954
157_e955_10476666_DPDD9,2252,0.3,6.7,6.7,e0955
158_e956_10476666_DPDD9,3050,0.41,4.9,4.9,e0956
159_e957_10476666_DPDD9,3650,0.48,4.1,4.1,e0957
160_e958_10476666_DPDD9,3747,0.5,4,4,e0958
161_e009_10476666_DPDD9,2199,0.29,6.8,6.8,e0009
162_e010_10476666_DPDD9,577,0.08,26.1,15,e0010
163_e011_10476666_DPDD9,448,0.06,33.6,15,e0011
164_e012_10476666_DPDD9,630,0.08,23.9,15,e0012
165_e013_10476666_DPDD9,1953,0.26,7.7,7.7,e0013
166_e014_10476666_DPDD9,1865,0.25,8.1,8.1,e0014
167_e015_10476666_DPDD9,2167,0.29,6.9,6.9,e0015
168_e016_10476666_DPDD9,2293,0.3,6.6,6.6,e0016
169_e059_10476666_DPDD9,1846,0.25,8.2,8.2,e0059
170_e060_10476666_DPDD9,2306,0.31,6.5,6.5,e0060
171_e061_10476666_DPDD9,2338,0.31,6.4,6.4,e0061
172_e062_10476666_DPDD9,2520,0.33,6,6,e0062
173_e063_10476666_DPDD9,2018,0.27,7.5,7.5,e0063
174_e064_10476666_DPDD9,2667,0.35,5.6,5.6,e0064
175_e065_10476666_DPDD9,1129,0.15,13.3,13.3,e0065
176_e066_10476666_DPDD9,1105,0.15,13.6,13.6,e0066
177_e109_10476666_DPDD9,1258,0.17,12,12,e0109
178_e110_10476666_DPDD9,893,0.12,16.9,15,e0110
179_e111_10476666_DPDD9,1129,0.15,13.3,13.3,e0111
180_e112_10476666_DPDD9,886,0.12,17,15,e0112
181_e113_10476666_DPDD9,1083,0.14,13.9,13.9,e0113
182_e114_10476666_DPDD9,1237,0.16,12.2,12.2,e0114
183_e115_10476666_DPDD9,2225,0.3,6.8,6.8,e0115
184_e116_10476666_DPDD9,2396,0.32,6.3,6.3,e0116
185_e159_10476666_DPDD9,952,0.13,15.8,15,e0159
186_e160_10476666_DPDD9,868,0.12,17.3,15,e0160
187_e161_10476666_DPDD9,735,0.1,20.5,15,e0161
188_neg2_10476666_DPDD9,0,0,0,0,ne0g2
189_e162_10476666_DPDD9,646,0.09,23.3,15,e0162
190_e163_10476666_DPDD9,967,0.13,15.6,15,e0163
191_e164_10476666_DPDD9,1564,0.21,9.6,9.6,e0164
192_e165_10476666_DPDD9,1157,0.15,13,13,e0165
193_e209_10476666_DPDD9,3642,0.48,4.1,4.1,e0209
194_e210_10476666_DPDD9,2677,0.36,5.6,5.6,e0210
195_e211_10476666_DPDD9,2655,0.35,5.7,5.7,e0211
196_e212_10476666_DPDD9,2836,0.38,5.3,5.3,e0212
197_e213_10476666_DPDD9,2272,0.3,6.6,6.6,e0213
198_e214_10476666_DPDD9,724,0.1,20.8,15,e0214
199_e215_10476666_DPDD9,3483,0.46,4.3,4.3,e0215
200_e216_10476666_DPDD9,3435,0.46,4.4,4.4,e0216
201_e259_10476666_DPDD9,1332,0.18,11.3,11.3,e0259
202_e260_10476666_DPDD9,958,0.13,15.7,15,e0260
203_e261_10476666_DPDD9,1534,0.2,9.8,9.8,e0261
204_e262_10476666_DPDD9,1241,0.16,12.1,12.1,e0262
205_e263_10476666_DPDD9,407,0.05,37,15,e0263
206_e264_10476666_DPDD9,1349,0.18,11.2,11.2,e0264
207_e265_10476666_DPDD9,1820,0.24,8.3,8.3,e0265
208_e266_10476666_DPDD9,1645,0.22,9.2,9.2,e0266
209_e309_10476666_DPDD9,1870,0.25,8,8,e0309
210_e310_10476666_DPDD9,1506,0.2,10,10,e0310
211_e311_10476666_DPDD9,570,0.08,26.4,15,e0311
212_e312_10476666_DPDD9,1913,0.25,7.9,7.9,e0312
213_e313_10476666_DPDD9,1586,0.21,9.5,9.5,e0313
214_e314_10476666_DPDD9,1376,0.18,10.9,10.9,e0314
215_e315_10476666_DPDD9,1955,0.26,7.7,7.7,e0315
216_e316_10476666_DPDD9,2597,0.35,5.8,5.8,e0316
217_e359_10476666_DPDD9,548,0.07,27.5,15,e0359
218_e360_10476666_DPDD9,241,0.03,62.5,15,e0360
219_e361_10476666_DPDD9,1003,0.13,15,15,e0361
220_e362_10476666_DPDD9,1160,0.15,13,13,e0362
221_e363_10476666_DPDD9,1498,0.2,10,10,e0363
222_e364_10476666_DPDD9,2588,0.34,5.8,5.8,e0364
223_e365_10476666_DPDD9,1980,0.26,7.6,7.6,e0365
224_e366_10476666_DPDD9,2185,0.29,6.9,6.9,e0366
225_e409_10476666_DPDD9,1379,0.18,10.9,10.9,e0409
226_e410_10476666_DPDD9,1595,0.21,9.4,9.4,e0410
227_e411_10476666_DPDD9,1679,0.22,9,9,e0411
228_e412_10476666_DPDD9,1695,0.23,8.9,8.9,e0412
229_e413_10476666_DPDD9,2667,0.35,5.6,5.6,e0413
230_e414_10476666_DPDD9,2273,0.3,6.6,6.6,e0414
231_e415_10476666_DPDD9,2209,0.29,6.8,6.8,e0415
232_e416_10476666_DPDD9,2576,0.34,5.8,5.8,e0416
233_e459_10476666_DPDD9,1948,0.26,7.7,7.7,e0459
234_e460_10476666_DPDD9,368,0.05,40.9,15,e0460
235_e461_10476666_DPDD9,631,0.08,23.9,15,e0461
236_e462_10476666_DPDD9,1355,0.18,11.1,11.1,e0462
237_e463_10476666_DPDD9,2280,0.3,6.6,6.6,e0463
238_e464_10476666_DPDD9,694,0.09,21.7,15,e0464
239_e465_10476666_DPDD9,2622,0.35,5.7,5.7,e0465
240_e466_10476666_DPDD9,2811,0.37,5.4,5.4,e0466
241_e509_10476666_DPDD9,1538,0.2,9.8,9.8,e0509
242_e510_10476666_DPDD9,2533,0.34,5.9,5.9,e0510
243_e511_10476666_DPDD9,2694,0.36,5.6,5.6,e0511
244_e512_10476666_DPDD9,2116,0.28,7.1,7.1,e0512
245_e513_10476666_DPDD9,1700,0.23,8.9,8.9,e0513
246_e514_10476666_DPDD9,2248,0.3,6.7,6.7,e0514
247_e515_10476666_DPDD9,3220,0.43,4.7,4.7,e0515
248_e516_10476666_DPDD9,2466,0.33,6.1,6.1,e0516
249_e558_10476666_DPDD9,2027,0.27,7.4,7.4,e0558
250_e559_10476666_DPDD9,2732,0.36,5.5,5.5,e0559
251_e560_10476666_DPDD9,2230,0.3,6.8,6.8,e0560
252_e561_10476666_DPDD9,2235,0.3,6.7,6.7,e0561
253_e562_10476666_DPDD9,2529,0.34,6,6,e0562
254_e563_10476666_DPDD9,30,0,501.8,15,e0563
255_e564_10476666_DPDD9,3090,0.41,4.9,4.9,e0564
256_e565_10476666_DPDD9,351,0.05,42.9,15,e0565
257_e609_10476666_DPDD9,2973,0.4,5.1,5.1,e0609
258_e610_10476666_DPDD9,1743,0.23,8.6,8.6,e0610
259_e611_10476666_DPDD9,2919,0.39,5.2,5.2,e0611
260_e612_10476666_DPDD9,493,0.07,30.5,15,e0612
261_e613_10476666_DPDD9,2374,0.32,6.3,6.3,e0613
262_e614_10476666_DPDD9,3093,0.41,4.9,4.9,e0614
263_e615_10476666_DPDD9,2840,0.38,5.3,5.3,e0615
264_e616_10476666_DPDD9,2965,0.39,5.1,5.1,e0616
265_e659_10476666_DPDD9,1503,0.2,10,10,e0659
266_e660_10476666_DPDD9,1932,0.26,7.8,7.8,e0660
267_e661_10476666_DPDD9,1612,0.21,9.3,9.3,e0661
268_e662_10476666_DPDD9,386,0.05,39,15,e0662
269_e663_10476666_DPDD9,1328,0.18,11.3,11.3,e0663
270_e664_10476666_DPDD9,1062,0.14,14.2,14.2,e0664
271_e665_10476666_DPDD9,233,0.03,64.6,15,e0665
272_e666_10476666_DPDD9,2273,0.3,6.6,6.6,e0666
273_e709_10476666_DPDD9,1085,0.14,13.9,13.9,e0709
274_e710_10476666_DPDD9,2183,0.29,6.9,6.9,e0710
275_e711_10476666_DPDD9,500,0.07,30.1,15,e0711
276_e712_10476666_DPDD9,2174,0.29,6.9,6.9,e0712
277_e713_10476666_DPDD9,181,0.02,83.2,15,e0713
278_e714_10476666_DPDD9,1629,0.22,9.2,9.2,e0714
279_e715_10476666_DPDD9,2139,0.28,7,7,e0715
280_e716_10476666_DPDD9,1841,0.24,8.2,8.2,e0716
281_e759_10476666_DPDD9,1046,0.14,14.4,14.4,e0759
282_e760_10476666_DPDD9,671,0.09,22.4,15,e0760
283_e761_10476666_DPDD9,676,0.09,22.3,15,e0761
284_e762_10476666_DPDD9,175,0.02,86,15,e0762
285_e763_10476666_DPDD9,502,0.07,30,15,e0763
286_e764_10476666_DPDD9,568,0.08,26.5,15,e0764
287_e765_10476666_DPDD9,680,0.09,22.1,15,e0765
288_neg3_10476666_DPDD9,0,0,0,0,ne0g3
289_e809_10476666_DPDD9,1022,0.14,14.7,14.7,e0809
290_e810_10476666_DPDD9,1921,0.26,7.8,7.8,e0810
291_e811_10476666_DPDD9,1294,0.17,11.6,11.6,e0811
292_e812_10476666_DPDD9,2364,0.31,6.4,6.4,e0812
293_e813_10476666_DPDD9,925,0.12,16.3,15,e0813
294_e814_10476666_DPDD9,2098,0.28,7.2,7.2,e0814
295_e815_10476666_DPDD9,1649,0.22,9.1,9.1,e0815
296_e816_10476666_DPDD9,1963,0.26,7.7,7.7,e0816
297_e859_10476666_DPDD9,1527,0.2,9.9,9.9,e0859
298_e860_10476666_DPDD9,699,0.09,21.5,15,e0860
299_e861_10476666_DPDD9,1332,0.18,11.3,11.3,e0861
300_e862_10476666_DPDD9,1686,0.22,8.9,8.9,e0862
301_e863_10476666_DPDD9,606,0.08,24.8,15,e0863
302_e864_10476666_DPDD9,921,0.12,16.3,15,e0864
303_e865_10476666_DPDD9,2171,0.29,6.9,6.9,e0865
304_e866_10476666_DPDD9,1605,0.21,9.4,9.4,e0866
305_e909_10476666_DPDD9,1467,0.19,10.3,10.3,e0909
306_e910_10476666_DPDD9,518,0.07,29.1,15,e0910
307_e911_10476666_DPDD9,1852,0.25,8.1,8.1,e0911
308_e912_10476666_DPDD9,1127,0.15,13.4,13.4,e0912
309_e913_10476666_DPDD9,2031,0.27,7.4,7.4,e0913
310_e914_10476666_DPDD9,2521,0.33,6,6,e0914
311_e915_10476666_DPDD9,2655,0.35,5.7,5.7,e0915
312_e916_10476666_DPDD9,3080,0.41,4.9,4.9,e0916
313_e959_10476666_DPDD9,1622,0.22,9.3,9.3,e0959
314_e960_10476666_DPDD9,607,0.08,24.8,15,e0960
315_e961_10476666_DPDD9,2139,0.28,7,7,e0961
316_e962_10476666_DPDD9,2497,0.33,6,6,e0962
317_e963_10476666_DPDD9,1790,0.24,8.4,8.4,e0963
318_e964_10476666_DPDD9,1853,0.25,8.1,8.1,e0964
319_e965_10476666_DPDD9,2541,0.34,5.9,5.9,e0965
320_e966_10476666_DPDD9,2489,0.33,6,6,e0966
321_e017_10476666_DPDD9,2012,0.27,7.5,7.5,e0017
322_e018_10476666_DPDD9,642,0.09,23.4,15,e0018
323_e019_10476666_DPDD9,1897,0.25,7.9,7.9,e0019
324_e020_10476666_DPDD9,2700,0.36,5.6,5.6,e0020
325_e021_10476666_DPDD9,1077,0.14,14,14,e0021
326_e022_10476666_DPDD9,1269,0.17,11.9,11.9,e0022
327_e023_10476666_DPDD9,1499,0.2,10,10,e0023
328_e024_10476666_DPDD9,1243,0.17,12.1,12.1,e0024
329_e067_10476666_DPDD9,1514,0.2,9.9,9.9,e0067
330_e068_10476666_DPDD9,359,0.05,41.9,15,e0068
331_e069_10476666_DPDD9,1569,0.21,9.6,9.6,e0069
332_e070_10476666_DPDD9,2069,0.27,7.3,7.3,e0070
333_e071_10476666_DPDD9,1061,0.14,14.2,14.2,e0071
334_e072_10476666_DPDD9,1772,0.24,8.5,8.5,e0072
335_e073_10476666_DPDD9,1591,0.21,9.5,9.5,e0073
336_e074_10476666_DPDD9,1689,0.22,8.9,8.9,e0074
337_e117_10476666_DPDD9,1873,0.25,8,8,e0117
338_e118_10476666_DPDD9,2187,0.29,6.9,6.9,e0118
339_e119_10476666_DPDD9,2362,0.31,6.4,6.4,e0119
340_e120_10476666_DPDD9,3044,0.4,4.9,4.9,e0120
341_e121_10476666_DPDD9,2840,0.38,5.3,5.3,e0121
342_e122_10476666_DPDD9,3618,0.48,4.2,4.2,e0122
343_e123_10476666_DPDD9,2127,0.28,7.1,7.1,e0123
344_e124_10476666_DPDD9,3450,0.46,4.4,4.4,e0124
345_e166_10476666_DPDD9,892,0.12,16.9,15,e0166
346_e167_10476666_DPDD9,1097,0.15,13.7,13.7,e0167
347_e168_10476666_DPDD9,714,0.09,21.1,15,e0168
348_e169_10476666_DPDD9,1153,0.15,13.1,13.1,e0169
349_e170_10476666_DPDD9,1004,0.13,15,15,e0170
350_e171_10476666_DPDD9,1773,0.24,8.5,8.5,e0171
351_e172_10476666_DPDD9,1381,0.18,10.9,10.9,e0172
352_e173_10476666_DPDD9,1710,0.23,8.8,8.8,e0173
353_e217_10476666_DPDD9,2383,0.32,6.3,6.3,e0217
354_e218_10476666_DPDD9,675,0.09,22.3,15,e0218
355_e219_10476666_DPDD9,1146,0.15,13.1,13.1,e0219
356_e220_10476666_DPDD9,2805,0.37,5.4,5.4,e0220
357_e221_10476666_DPDD9,2309,0.31,6.5,6.5,e0221
358_e222_10476666_DPDD9,2794,0.37,5.4,5.4,e0222
359_e223_10476666_DPDD9,2593,0.34,5.8,5.8,e0223
360_e224_10476666_DPDD9,2997,0.4,5,5,e0224
361_e267_10476666_DPDD9,1390,0.18,10.8,10.8,e0267
362_e268_10476666_DPDD9,2131,0.28,7.1,7.1,e0268
363_e269_10476666_DPDD9,2216,0.29,6.8,6.8,e0269
364_e270_10476666_DPDD9,3463,0.46,4.3,4.3,e0270
365_e271_10476666_DPDD9,2491,0.33,6,6,e0271
366_e272_10476666_DPDD9,2755,0.37,5.5,5.5,e0272
367_e273_10476666_DPDD9,2789,0.37,5.4,5.4,e0273
368_e274_10476666_DPDD9,1851,0.25,8.1,8.1,e0274
369_e317_10476666_DPDD9,2488,0.33,6.1,6.1,e0317
370_e318_10476666_DPDD9,968,0.13,15.6,15,e0318
371_e319_10476666_DPDD9,2393,0.32,6.3,6.3,e0319
372_e320_10476666_DPDD9,3134,0.42,4.8,4.8,e0320
373_e321_10476666_DPDD9,2204,0.29,6.8,6.8,e0321
374_e322_10476666_DPDD9,1585,0.21,9.5,9.5,e0322
375_e323_10476666_DPDD9,3076,0.41,4.9,4.9,e0323
376_e324_10476666_DPDD9,3126,0.42,4.8,4.8,e0324
377_e367_10476666_DPDD9,1537,0.2,9.8,9.8,e0367
378_e368_10476666_DPDD9,1832,0.24,8.2,8.2,e0368
379_e369_10476666_DPDD9,1310,0.17,11.5,11.5,e0369
380_e370_10476666_DPDD9,1509,0.2,10,10,e0370
381_e371_10476666_DPDD9,1775,0.24,8.5,8.5,e0371
382_e372_10476666_DPDD9,992,0.13,15.2,15,e0372
383_e373_10476666_DPDD9,1855,0.25,8.1,8.1,e0373
384_neg4_10476666_DPDD9,0,0,0,0,ne0g4
385_e417_10476666_DPDD9,468,0.06,32.2,15,e0417
386_e418_10476666_DPDD9,386,0.05,39,15,e0418
387_e419_10476666_DPDD9,324,0.04,46.5,15,e0419
388_e420_10476666_DPDD9,270,0.04,55.8,15,e0420
389_e421_10476666_DPDD9,428,0.06,35.2,15,e0421
390_e422_10476666_DPDD9,500,0.07,30.1,15,e0422
391_e423_10476666_DPDD9,69,0.01,218.2,15,e0423
392_e424_10476666_DPDD9,815,0.11,18.5,15,e0424
393_e467_10476666_DPDD9,364,0.05,41.4,15,e0467
394_e468_10476666_DPDD9,355,0.05,42.4,15,e0468
395_e469_10476666_DPDD9,172,0.02,87.5,15,e0469
396_e470_10476666_DPDD9,43,0.01,350.1,15,e0470
397_e471_10476666_DPDD9,128,0.02,117.6,15,e0471
398_e472_10476666_DPDD9,251,0.03,60,15,e0472
399_e473_10476666_DPDD9,529,0.07,28.5,15,e0473
400_e474_10476666_DPDD9,623,0.08,24.2,15,e0474
401_e517_10476666_DPDD9,1656,0.22,9.1,9.1,e0517
402_e518_10476666_DPDD9,1181,0.16,12.7,12.7,e0518
403_e519_10476666_DPDD9,1317,0.17,11.4,11.4,e0519
404_e520_10476666_DPDD9,1236,0.16,12.2,12.2,e0520
405_e521_10476666_DPDD9,948,0.13,15.9,15,e0521
406_e522_10476666_DPDD9,1568,0.21,9.6,9.6,e0522
407_e523_10476666_DPDD9,1657,0.22,9.1,9.1,e0523
408_e524_10476666_DPDD9,2022,0.27,7.4,7.4,e0524
409_e566_10476666_DPDD9,420,0.06,35.8,15,e0566
410_e567_10476666_DPDD9,212,0.03,71,15,e0567
411_e568_10476666_DPDD9,220,0.03,68.4,15,e0568
412_e569_10476666_DPDD9,485,0.06,31,15,e0569
413_e570_10476666_DPDD9,396,0.05,38,15,e0570
414_e571_10476666_DPDD9,452,0.06,33.3,15,e0571
415_e572_10476666_DPDD9,1075,0.14,14,14,e0572
416_e573_10476666_DPDD9,811,0.11,18.6,15,e0573
417_e617_10476666_DPDD9,512,0.07,29.4,15,e0617
418_e618_10476666_DPDD9,347,0.05,43.4,15,e0618
419_e619_10476666_DPDD9,487,0.06,30.9,15,e0619
420_e620_10476666_DPDD9,369,0.05,40.8,15,e0620
421_e621_10476666_DPDD9,310,0.04,48.6,15,e0621
422_e622_10476666_DPDD9,600,0.08,25.1,15,e0622
423_e623_10476666_DPDD9,886,0.12,17,15,e0623
424_e624_10476666_DPDD9,1278,0.17,11.8,11.8,e0624
425_e667_10476666_DPDD9,412,0.05,36.5,15,e0667
426_e668_10476666_DPDD9,161,0.02,93.5,15,e0668
427_e669_10476666_DPDD9,375,0.05,40.1,15,e0669
428_e670_10476666_DPDD9,447,0.06,33.7,15,e0670
429_e671_10476666_DPDD9,442,0.06,34.1,15,e0671
430_e672_10476666_DPDD9,267,0.04,56.4,15,e0672
431_e673_10476666_DPDD9,896,0.12,16.8,15,e0673
432_e674_10476666_DPDD9,1842,0.24,8.2,8.2,e0674
433_e717_10476666_DPDD9,661,0.09,22.8,15,e0717
434_e718_10476666_DPDD9,841,0.11,17.9,15,e0718
435_e719_10476666_DPDD9,1043,0.14,14.4,14.4,e0719
436_e720_10476666_DPDD9,1151,0.15,13.1,13.1,e0720
437_e721_10476666_DPDD9,1424,0.19,10.6,10.6,e0721
438_e722_10476666_DPDD9,628,0.08,24,15,e0722
439_e723_10476666_DPDD9,288,0.04,52.3,15,e0723
440_e724_10476666_DPDD9,1721,0.23,8.7,8.7,e0724
441_e766_10476666_DPDD9,1002,0.13,15,15,e0766
442_e767_10476666_DPDD9,792,0.11,19,15,e0767
443_e768_10476666_DPDD9,750,0.1,20.1,15,e0768
444_e769_10476666_DPDD9,741,0.1,20.3,15,e0769
445_e770_10476666_DPDD9,930,0.12,16.2,15,e0770
446_e771_10476666_DPDD9,23,0,654.5,15,e0771
447_e772_10476666_DPDD9,1357,0.18,11.1,11.1,e0772
448_e773_10476666_DPDD9,228,0.03,66,15,e0773
449_e817_10476666_DPDD9,614,0.08,24.5,15,e0817
450_e818_10476666_DPDD9,626,0.08,24,15,e0818
451_e819_10476666_DPDD9,236,0.03,63.8,15,e0819
452_e820_10476666_DPDD9,870,0.12,17.3,15,e0820
453_e821_10476666_DPDD9,836,0.11,18,15,e0821
454_e822_10476666_DPDD9,1642,0.22,9.2,9.2,e0822
455_e823_10476666_DPDD9,1129,0.15,13.3,13.3,e0823
456_e824_10476666_DPDD9,1863,0.25,8.1,8.1,e0824
457_e867_10476666_DPDD9,634,0.08,23.7,15,e0867
458_e868_10476666_DPDD9,303,0.04,49.7,15,e0868
459_e869_10476666_DPDD9,351,0.05,42.9,15,e0869
460_e870_10476666_DPDD9,549,0.07,27.4,15,e0870
461_e871_10476666_DPDD9,1135,0.15,13.3,13.3,e0871
462_e872_10476666_DPDD9,1310,0.17,11.5,11.5,e0872
463_e873_10476666_DPDD9,433,0.06,34.8,15,e0873
464_e874_10476666_DPDD9,1560,0.21,9.6,9.6,e0874
465_e917_10476666_DPDD9,210,0.03,71.7,15,e0917
466_e918_10476666_DPDD9,125,0.02,120.4,15,e0918
467_e919_10476666_DPDD9,144,0.02,104.5,15,e0919
468_e920_10476666_DPDD9,423,0.06,35.6,15,e0920
469_e921_10476666_DPDD9,689,0.09,21.8,15,e0921
470_e922_10476666_DPDD9,891,0.12,16.9,15,e0922
471_e923_10476666_DPDD9,1234,0.16,12.2,12.2,e0923
472_e924_10476666_DPDD9,1412,0.19,10.7,10.7,e0924
473_e967_10476666_DPDD9,369,0.05,40.8,15,e0967
474_e968_10476666_DPDD9,212,0.03,71,15,e0968
475_e969_10476666_DPDD9,104,0.01,144.7,15,e0969
476_e970_10476666_DPDD9,236,0.03,63.8,15,e0970
477_e971_10476666_DPDD9,224,0.03,67.2,15,e0971
478_e972_10476666_DPDD9,360,0.05,41.8,15,e0972
479_e973_10476666_DPDD9,525,0.07,28.7,15,e0973
480_neg5_10476666_DPDD9,0,0,0,0,ne0g5